ProfileID,UserID,FirstName,LastName,Gender,About,DateBorn
1,1,FC,Barcelona,M,Etincidunt porro aliquam labore. Magnam velit sed magnam etincidunt neque ipsum. Ipsum aliquam dolor etincidunt eius....,1957-10-17 16:00:27
2,2,CNN,Breaking News,O,Modi tempora sit neque porro sed. Non non tempora consectetur non quiquia ut. Etincidunt dolorem dolorem neque velit ...,1947-07-28 23:47:44
3,3,Ariana,Grande,F,Magnam dolor modi neque sit porro voluptatem. Aliquam sed ipsum tempora etincidunt neque eius dolorem. Dolor tempora ...,1980-04-15 03:17:58
4,4,Selena,Gomez,O,Dolorem consectetur aliquam numquam. Dolor voluptatem eius quaerat est. Non consectetur velit sit non. Quiquia velit ...,1958-05-28 05:30:41
5,5,Bruno,Mars,O,Magnam ipsum adipisci est sed. Neque quisquam est velit quisquam quaerat. Quaerat sit magnam aliquam aliquam dolor do...,1981-12-30 09:11:43
6,6,Miley,Ray Cyrus,F,Labore eius porro porro consectetur ipsum non. Voluptatem amet numquam neque est neque porro. Neque magnam porro volu...,1974-03-08 14:46:01
7,7,Niall,Horan,O,Non numquam sit etincidunt tempora. Numquam voluptatem quiquia numquam dolorem dolor. Dolore sed magnam tempora labor...,1941-12-14 03:08:00
8,8,BBC,Breaking News,O,Ut dolorem non etincidunt modi. Etincidunt est dolor voluptatem. Magnam modi sed dolor est adipisci ut sed. Non sed s...,1956-01-13 20:48:50
9,9,Cristiano,Ronaldo,M,Labore velit quaerat quaerat dolore amet magnam eius. Tempora dolorem voluptatem eius voluptatem adipisci. Consectetu...,1989-11-05 22:42:51
10,10,P!nk,P!nk,M,Velit ipsum consectetur dolore magnam dolorem dolore. Eius quisquam quisquam quaerat velit dolorem eius voluptatem. S...,1987-11-14 00:23:11
11,11,Drizzy,Drizzy,O,Consectetur sed sit quisquam dolor neque amet. Sit quiquia modi eius sit magnam. Sed non numquam quisquam dolorem qui...,1978-02-12 15:25:25
12,12,Salman,Khan,F,Ipsum quaerat dolor tempora voluptatem ipsum etincidunt est. Ipsum sed quisquam aliquam ipsum labore. Quiquia labore ...,1970-10-05 10:18:00
13,13,Narendra,Modi,,Adipisci non est magnam. Velit magnam voluptatem porro quaerat porro. Ipsum amet dolor magnam aliquam dolor velit. Ma...,1949-05-21 15:39:46
14,14,Rihanna,Rihanna,F,Dolorem dolorem adipisci eius tempora numquam voluptatem. Non modi etincidunt quiquia est adipisci quaerat. Voluptate...,1950-05-28 17:30:00
15,15,Donald,J. Trump,F,Adipisci ipsum labore ipsum sit magnam. Modi ut ut porro consectetur adipisci dolorem. Dolorem eius dolore modi. Non ...,1961-01-14 11:48:16
16,16,Taylor,Swift,,Ipsum labore porro voluptatem quisquam neque numquam. Est labore non tempora ut velit. Quisquam labore adipisci amet ...,1992-02-02 02:59:15
17,17,Kevin,Hart,,Dolore magnam modi sit neque ut. Quisquam ipsum est ipsum. Porro modi sit ipsum consectetur quisquam. Amet ut dolorem...,1988-02-17 08:43:57
18,18,Ellen,DeGeneres,F,Dolor ipsum est dolorem. Quiquia modi numquam ut sed non. Amet neque voluptatem est ut ipsum. Ut ipsum ut neque aliqu...,1946-07-28 23:34:31
19,19,Lady,Gaga,O,Ut quisquam voluptatem amet sed. Est etincidunt aliquam numquam adipisci magnam velit. Dolor quaerat quaerat non sed ...,1976-05-22 10:47:02
20,20,Wiz,Khalifa,F,Magnam modi etincidunt dolore numquam dolorem sed amet. Voluptatem numquam velit amet. Sed modi quiquia est velit ame...,2005-09-11 23:07:56
21,21,The,New York Times,M,Velit est velit consectetur non. Magnam neque dolor eius sit. Porro etincidunt numquam magnam quaerat. Porro non quae...,2004-08-02 16:48:42
22,22,Oprah,Winfrey,,Labore adipisci est est labore adipisci modi dolorem. Non eius etincidunt eius quisquam magnam tempora. Dolor sit mod...,1944-03-04 00:48:28
23,23,SportsCenter,SportsCenter,F,Aliquam numquam dolore ipsum voluptatem dolor. Numquam sed ipsum est. Sed neque modi dolorem consectetur labore. Quiq...,1977-02-18 00:06:05
24,24,Real,Madrid C.F.âš½,F,Labore amet eius amet modi dolor velit amet. Velit amet magnam quaerat consectetur non labore. Dolor consectetur dolo...,1983-07-26 03:09:11
25,25,YouTube,YouTube,M,Amet eius est etincidunt neque tempora etincidunt velit. Consectetur dolore sed quaerat velit numquam. Voluptatem qua...,1952-06-20 03:21:27
26,26,LeBron,James,F,Modi velit quiquia neque consectetur labore. Aliquam quaerat quiquia dolorem velit. Est ipsum tempora modi. Modi volu...,2003-11-27 20:02:15
27,27,jimmy,fallon,O,Dolore dolor labore modi numquam quisquam aliquam voluptatem. Numquam sed amet velit labore ut. Dolore quiquia ipsum ...,1978-12-21 22:47:33
28,28,Liam,Liam,O,Velit voluptatem etincidunt aliquam quaerat. Modi velit non dolor dolore dolor. Tempora dolorem modi dolor eius magna...,1994-01-09 00:19:28
29,29,Shakira,Shakira,F,Quiquia labore tempora est amet etincidunt non voluptatem. Adipisci magnam modi quiquia aliquam velit. Numquam quaera...,1959-10-19 22:18:52
30,30,Virat,Kohli,O,Dolor sit porro sed dolor numquam tempora voluptatem. Consectetur labore neque sit. Eius amet dolor est. Dolor magnam...,1979-01-06 17:51:47
31,31,Louis,Tomlinson,M,Modi modi neque sit sed eius. Quiquia velit voluptatem non voluptatem quiquia quisquam numquam. Eius eius numquam mod...,1958-08-28 08:44:02
32,32,Jennifer,Lopez,F,Velit dolore magnam non modi ipsum voluptatem consectetur. Ipsum est modi consectetur ut. Magnam consectetur eius sit...,1972-01-22 16:32:27
33,33,ESPN,ESPN,M,Dolor modi etincidunt eius. Quaerat quaerat consectetur est dolorem numquam dolor aliquam. Velit tempora neque porro ...,1981-09-11 00:34:41
34,34,Neymar,Jr,,Dolor tempora voluptatem amet quaerat ipsum. Dolor magnam ipsum modi. Aliquam dolor labore sed sit sed dolore. Ut mag...,1952-03-30 18:06:58
35,35,Kim,Kardashian West,M,Quisquam sit consectetur ut adipisci. Ipsum numquam dolore neque. Eius sit labore aliquam ut. Numquam amet adipisci c...,1967-11-03 03:56:32
36,36,Harry,Styles.,O,Quisquam etincidunt quisquam dolorem quaerat neque velit dolorem. Eius dolor aliquam dolor numquam dolorem. Quaerat a...,1940-05-14 16:46:45
37,37,Bill,Gates,M,Quiquia amet quisquam amet voluptatem eius. Modi adipisci quisquam dolor consectetur. Etincidunt ipsum neque sit magn...,1970-02-21 16:40:20
38,38,Instagram,Instagram,M,Neque velit sit eius sed labore adipisci amet. Voluptatem tempora adipisci quaerat consectetur. Modi dolor ipsum etin...,1991-01-28 22:32:55
39,39,Justin,Timberlake,M,Etincidunt non non dolorem est dolorem non aliquam. Quiquia sit eius etincidunt. Est labore est amet. Sit amet modi q...,2003-07-11 04:17:56
40,40,Barack,Obama,F,Non quaerat magnam consectetur. Adipisci modi eius labore est neque. Est etincidunt labore non ut labore eius quisqua...,1989-12-22 02:10:41
41,41,Shah,Rukh Khan,O,Adipisci adipisci non ipsum quaerat dolor voluptatem est. Consectetur ut amet labore dolore consectetur numquam etinc...,1999-12-19 21:13:39
42,42,Akshay,Kumar,F,Ut ut ipsum dolor eius aliquam. Adipisci ipsum ut est. Dolorem ut modi porro. Sit porro ipsum dolor ut dolor eius sed...,1988-11-19 18:08:26
43,43,Amitabh,Bachchan,,Consectetur dolore numquam porro dolor voluptatem dolore. Adipisci amet dolore eius. Sit quisquam consectetur velit. ...,1941-09-02 19:14:03
44,44,Twitter,Twitter,M,Sed dolor modi dolore etincidunt sit. Neque quiquia neque quaerat. Eius ut tempora voluptatem eius porro sit. Modi ut...,1962-06-12 06:02:03
45,45,Britney,Spears,O,Consectetur porro aliquam quiquia voluptatem. Porro numquam quaerat dolorem quisquam etincidunt ut dolor. Velit modi ...,1975-12-28 13:09:41
46,46,Justin,Bieber,,Ut quisquam non sit quiquia ipsum non ipsum. Sed neque magnam numquam velit tempora adipisci etincidunt. Aliquam numq...,1993-01-23 04:52:36
47,47,KATY,PERRY,F,Est dolore dolore quisquam sed sed etincidunt eius. Labore modi magnam dolorem. Ut labore neque aliquam. Quisquam eiu...,1994-08-24 06:16:17
48,48,CNN,CNN,M,Porro est etincidunt tempora. Sit modi consectetur quiquia ut aliquam sed. Non adipisci amet sit numquam. Non quiquia...,1992-03-10 13:52:34
49,49,NASA,NASA,O,Sed eius tempora numquam quiquia labore. Consectetur magnam labore amet ut. Consectetur neque voluptatem amet sed non...,2004-11-10 08:40:37
50,50,Lil,Wayne WEEZY F,F,Ut dolor modi non. Dolor labore amet adipisci dolore sit modi sit. Ut quaerat dolore adipisci voluptatem numquam modi...,2007-07-06 15:41:59
