UserID,Username,Email,Password,DateJoined
1,fcbarcelona,fc@vgesf.com,AGpCQPmJGJoDDyjP,2019-08-04 18:44:48
2,cnnbrk,cnn@rxovugba.com,iDqcRhfbupDciJN,2019-05-10 17:11:31
3,arianagrande,ariana@eacemh.com,seqMMhIVTdaPdF,2018-11-16 22:50:44
4,selenagomez,selena@gxgblgiug.com,TLOqhKLfLbk,2011-01-21 22:24:39
5,brunomars,bruno@slqho.com,wySxcRTSDBZgKZ,2011-12-08 22:17:39
6,mileycyrus,miley@oseimwunr.com,VmvqgQXgHy,2014-08-27 06:28:44
7,niallofficial,niall@bncpvftan.com,bMajysZNglkZSFmz,2017-05-18 18:11:56
8,bbcbreaking,bbc@tugafu.com,FxyGTUdnQjF,2017-09-15 07:45:46
9,cristiano,cristiano@zfwffxbqw.com,qYVHsohecTWyG,2011-01-12 08:51:03
10,pink,p!nk@usnhuifnl.com,UOQPtdBhRhEAwb,2013-04-16 15:15:51
11,drake,drizzy@kwcrp.com,hLLBlbJVSYTe,2009-03-28 07:18:19
12,beingsalmankhan,salman@simemcq.com,wUZKofmFUgpeDCK,2014-01-27 01:02:26
13,narendramodi,narendra@fcwdy.com,lwpiNhPRQnAL,2019-03-05 16:36:17
14,rihanna,rihanna@kpubr.com,cNGWuRvrzsPcbIB,2013-01-16 22:17:43
15,realdonaldtrump,donald@qmpar.com,TBDSIBzYuTSPw,2019-10-05 02:58:05
16,taylorswift13,taylor@imwwdyum.com,uDSjKjbRGTFlmErY,2017-08-21 15:00:54
17,kevinhart4real,kevin@zwfmiieyx.com,pbDZcOLEtVBHpTO,2018-04-19 23:12:49
18,theellenshow,ellen@awwzvt.com,AhoaOdbFKlZgx,2018-11-15 17:36:18
19,ladygaga,lady@whdvzia.com,CgTJIpbvfVyZM,2014-11-07 18:24:41
20,wizkhalifa,wiz@dvilfts.com,FxpqgfLAgHb,2017-12-23 17:24:00
21,nytimes,the@bdycffz.com,jWuNckiSLNepVH,2019-12-18 13:10:01
22,oprah,oprah@cbnybvcg.com,pXJbFNufWA,2014-10-05 01:38:27
23,sportscenter,sportscenter@beauevfc.com,UjHGBAHTiiZipKmT,2019-09-07 15:35:43
24,realmadrid,real@bbiozjvnp.com,eKkogYQBKeXIZQ,2019-03-25 09:01:29
25,youtube,youtube@bcfnbebu.com,vznRKUXLzpTWd,2017-12-09 17:00:07
26,kingjames,lebron@oqroyp.com,lpDlheORGFzF,2013-11-06 08:45:00
27,jimmyfallon,jimmy@kbspicg.com,UXuxebrcjsUT,2016-07-14 01:14:02
28,liampayne,liam@osqjw.com,OmrMBJGyUMFX,2014-01-12 00:10:34
29,shakira,shakira@pcrjfyrdy.com,tsTrVDWdHy,2015-04-16 21:32:29
30,imvkohli,virat@txdph.com,ySsyLhtWYkOYbX,2009-09-10 15:36:10
31,louis_tomlinson,louis@bzkzffew.com,IKlxyIokRGmCoaW,2012-03-14 13:34:55
32,jlo,jennifer@sguurtut.com,xTlObDGrsBQAwYv,2017-10-01 00:21:16
33,espn,espn@wvpoxin.com,OTfLqNBVOGO,2019-10-03 17:11:51
34,neymarjr,neymar@tdwprsb.com,uVFrAlCFCcV,2014-05-08 02:48:17
35,kimkardashian,kim@aiwjl.com,EBLkyUdLvfKs,2018-10-19 23:55:55
36,harry_styles,harry@iwegseqme.com,iarhFRRqpzsnb,2011-11-28 15:27:29
37,billgates,bill@qenzhlp.com,DFZIKcaihp,2010-02-11 18:51:05
38,instagram,instagram@nyxdzz.com,UFEaWxJvTYwhBlK,2016-10-31 18:30:17
39,jtimberlake,justin@aqjthlos.com,mBjXEOPrxJvETgK,2012-06-22 04:12:20
40,barackobama,barack@mguxu.com,xUBXLLAoIUpot,2014-10-16 20:00:15
41,iamsrk,shah@vtwnexua.com,XXgRFkyMpKkw,2016-09-16 08:56:06
42,akshaykumar,akshay@cgdvh.com,EJJbLFWpnKQSXHn,2017-12-15 06:45:07
43,srbachchan,amitabh@uejbwthmf.com,HxpvLEonKnfMKMWH,2018-07-28 02:04:38
44,twitter,twitter@libhalc.com,XHWMIXdjHQJoeQ,2019-05-10 16:00:03
45,britneyspears,britney@nmhzd.com,GlOWCYAKkqMkLLt,2013-07-04 19:18:34
46,justinbieber,justin@httxlvw.com,SGsgkJVTQBhOI,2015-06-29 14:50:08
47,katyperry,katy@ycfyl.com,UZKiGtRJTpBGWOdN,2016-07-29 09:55:58
48,cnn,cnn@tqmvkb.com,vKynkbqrngiTGT,2020-01-03 16:40:06
49,nasa,nasa@czpqv.com,NtavgEcOSTkYMxXD,2019-05-02 13:40:00
50,liltunechi,lil@hogqcdra.com,LFLpQFZkWm,2010-02-22 05:50:13
